,experiment,attn,shot_meta,shot,eval_bs,video,miou,step,rel_diff
0,s-meta2-shot1-n8,s,2,1,8,blackswan,0.6463295221328735,500,0.0
1,s-meta2-shot1-n8,s,2,1,8,bmx-trees,0.2912133932113647,900,0.0
2,s-meta2-shot1-n8,s,2,1,8,breakdance,0.3910085558891296,400,0.0
3,s-meta2-shot1-n8,s,2,1,8,camel,0.5564285516738892,500,0.0
4,s-meta2-shot1-n8,s,2,1,8,car-roundabout,0.7167618274688721,500,0.0
5,s-meta2-shot1-n8,s,2,1,8,car-shadow,0.6828648447990417,700,0.0
6,s-meta2-shot1-n8,s,2,1,8,cows,0.7300519347190857,700,0.0
7,s-meta2-shot1-n8,s,2,1,8,dance-twirl,0.3586847186088562,200,0.0
8,s-meta2-shot1-n8,s,2,1,8,dog,0.635507345199585,200,0.0
9,s-meta2-shot1-n8,s,2,1,8,drift-chicane,0.0202823877334594,0,0.0
10,s-meta2-shot1-n8,s,2,1,8,drift-straight,0.1958942413330078,0,0.0
11,s-meta2-shot1-n8,s,2,1,8,goat,0.582875669002533,500,0.0
12,s-meta2-shot1-n8,s,2,1,8,horsejump-high,0.4601620435714721,700,0.0
13,s-meta2-shot1-n8,s,2,1,8,kite-surf,0.3965864181518554,600,0.0
14,s-meta2-shot1-n8,s,2,1,8,libby,0.4155977964401245,100,0.0
15,s-meta2-shot1-n8,s,2,1,8,motocross-jump,0.2923240661621094,0,0.0
16,s-meta2-shot1-n8,s,2,1,8,paragliding-launch,0.4645284414291382,1000,0.0
17,s-meta2-shot1-n8,s,2,1,8,parkour,0.059044599533081,1000,0.0
18,s-meta2-shot1-n8,s,2,1,8,scooter-black,0.0616313219070434,100,0.0
19,s-meta2-shot1-n8,s,2,1,8,soapbox,0.1248774528503418,0,0.0
20,s-meta2-shot2-n8,s,2,2,8,blackswan,0.7305195331573486,500,0.0
21,s-meta2-shot2-n8,s,2,2,8,bmx-trees,0.2403539419174194,500,0.0
22,s-meta2-shot2-n8,s,2,2,8,breakdance,0.461769163608551,100,0.0
23,s-meta2-shot2-n8,s,2,2,8,camel,0.5975610017776489,300,0.0
24,s-meta2-shot2-n8,s,2,2,8,car-roundabout,0.7395515441894531,100,0.0
25,s-meta2-shot2-n8,s,2,2,8,car-shadow,0.7372996211051941,600,0.0
26,s-meta2-shot2-n8,s,2,2,8,cows,0.7313417792320251,500,0.0
27,s-meta2-shot2-n8,s,2,2,8,dance-twirl,0.428320050239563,300,0.0
28,s-meta2-shot2-n8,s,2,2,8,dog,0.6897741556167603,500,0.0
29,s-meta2-shot2-n8,s,2,2,8,drift-chicane,0.4361305236816406,600,0.0
30,s-meta2-shot2-n8,s,2,2,8,drift-straight,0.2125123739242553,0,0.0
31,s-meta2-shot2-n8,s,2,2,8,goat,0.6331778764724731,1000,0.0
32,s-meta2-shot2-n8,s,2,2,8,horsejump-high,0.5112409591674805,900,0.0
33,s-meta2-shot2-n8,s,2,2,8,kite-surf,0.4160155057907104,500,0.0
34,s-meta2-shot2-n8,s,2,2,8,libby,0.4143980145454407,200,0.0
35,s-meta2-shot2-n8,s,2,2,8,motocross-jump,0.3506540060043335,100,0.0
36,s-meta2-shot2-n8,s,2,2,8,paragliding-launch,0.4765308499336242,400,0.0
37,s-meta2-shot2-n8,s,2,2,8,parkour,0.2496073246002197,400,0.0
38,s-meta2-shot2-n8,s,2,2,8,scooter-black,0.6278009414672852,600,0.0
39,s-meta2-shot2-n8,s,2,2,8,soapbox,0.5551195740699768,400,0.0
40,s-meta2-shot4-n8,s,2,4,8,blackswan,0.7445953488349915,1000,0.0
41,s-meta2-shot4-n8,s,2,4,8,bmx-trees,0.3589904308319092,1000,0.0
42,s-meta2-shot4-n8,s,2,4,8,breakdance,0.5490729212760925,1000,0.0
43,s-meta2-shot4-n8,s,2,4,8,camel,0.6316637396812439,800,0.0
44,s-meta2-shot4-n8,s,2,4,8,car-roundabout,0.813393235206604,1000,0.0
45,s-meta2-shot4-n8,s,2,4,8,car-shadow,0.8042414784431458,700,0.0
46,s-meta2-shot4-n8,s,2,4,8,cows,0.725941002368927,600,0.0
47,s-meta2-shot4-n8,s,2,4,8,dance-twirl,0.4843759536743164,400,0.0
48,s-meta2-shot4-n8,s,2,4,8,dog,0.7053263187408447,400,0.0
49,s-meta2-shot4-n8,s,2,4,8,drift-chicane,0.6707741618156433,900,0.0
50,s-meta2-shot4-n8,s,2,4,8,drift-straight,0.6640343070030212,300,0.0
51,s-meta2-shot4-n8,s,2,4,8,goat,0.6472181081771851,1000,0.0
52,s-meta2-shot4-n8,s,2,4,8,horsejump-high,0.5603850483894348,800,0.0
53,s-meta2-shot4-n8,s,2,4,8,kite-surf,0.4250562191009521,1000,0.0
54,s-meta2-shot4-n8,s,2,4,8,libby,0.4663025736808777,800,0.0
55,s-meta2-shot4-n8,s,2,4,8,motocross-jump,0.6436025500297546,200,0.0
56,s-meta2-shot4-n8,s,2,4,8,paragliding-launch,0.5039963722229004,300,0.0
57,s-meta2-shot4-n8,s,2,4,8,parkour,0.5114113688468933,400,0.0
58,s-meta2-shot4-n8,s,2,4,8,scooter-black,0.6717327833175659,800,0.0
59,s-meta2-shot4-n8,s,2,4,8,soapbox,0.626960813999176,1000,0.0
60,s-meta8-shot1-n8,s,8,1,8,blackswan,0.6823755502700806,200,0.0
61,s-meta8-shot1-n8,s,8,1,8,bmx-trees,0.2694981098175049,100,0.0
62,s-meta8-shot1-n8,s,8,1,8,breakdance,0.3877257704734802,700,0.0
63,s-meta8-shot1-n8,s,8,1,8,camel,0.5496799945831299,200,0.0
64,s-meta8-shot1-n8,s,8,1,8,car-roundabout,0.7135400176048279,300,0.0
65,s-meta8-shot1-n8,s,8,1,8,car-shadow,0.651290774345398,500,0.0
66,s-meta8-shot1-n8,s,8,1,8,cows,0.7032495141029358,200,0.0
67,s-meta8-shot1-n8,s,8,1,8,dance-twirl,0.2540287971496582,100,0.0
68,s-meta8-shot1-n8,s,8,1,8,dog,0.6560244560241699,100,0.0
69,s-meta8-shot1-n8,s,8,1,8,drift-straight,0.2099708318710327,0,0.0
70,s-meta8-shot1-n8,s,8,1,8,drift-chicane,0.0335515737533569,0,0.0
71,s-meta8-shot1-n8,s,8,1,8,goat,0.4802785515785217,200,0.0
72,s-meta8-shot1-n8,s,8,1,8,horsejump-high,0.5540122985839844,300,0.0
73,s-meta8-shot1-n8,s,8,1,8,kite-surf,0.4198073148727417,100,0.0
74,s-meta8-shot1-n8,s,8,1,8,libby,0.3764054775238037,100,0.0
75,s-meta8-shot1-n8,s,8,1,8,motocross-jump,0.2070382833480835,400,0.0
76,s-meta8-shot1-n8,s,8,1,8,paragliding-launch,0.4819506406784057,100,0.0
77,s-meta8-shot1-n8,s,8,1,8,parkour,0.1104605793952941,0,0.0
78,s-meta8-shot1-n8,s,8,1,8,scooter-black,0.0483015179634094,0,0.0
79,s-meta8-shot1-n8,s,8,1,8,soapbox,0.0587389469146728,0,0.0
80,s-meta8-shot2-n8,s,8,2,8,blackswan,0.7258585095405579,600,0.0
81,s-meta8-shot2-n8,s,8,2,8,bmx-trees,0.2723395824432373,200,0.0
82,s-meta8-shot2-n8,s,8,2,8,breakdance,0.4542469978332519,1000,0.0
83,s-meta8-shot2-n8,s,8,2,8,camel,0.5934865474700928,400,0.0
84,s-meta8-shot2-n8,s,8,2,8,car-roundabout,0.7773682475090027,600,0.0
85,s-meta8-shot2-n8,s,8,2,8,car-shadow,0.789528489112854,700,0.0
86,s-meta8-shot2-n8,s,8,2,8,cows,0.7074782848358154,300,0.0
87,s-meta8-shot2-n8,s,8,2,8,dance-twirl,0.4723985195159912,800,0.0
88,s-meta8-shot2-n8,s,8,2,8,dog,0.6934291124343872,500,0.0
89,s-meta8-shot2-n8,s,8,2,8,drift-chicane,0.4577828645706177,400,0.0
90,s-meta8-shot2-n8,s,8,2,8,drift-straight,0.2548267841339111,0,0.0
91,s-meta8-shot2-n8,s,8,2,8,goat,0.6421543955802917,500,0.0
92,s-meta8-shot2-n8,s,8,2,8,horsejump-high,0.532392680644989,100,0.0
93,s-meta8-shot2-n8,s,8,2,8,kite-surf,0.4199957251548767,300,0.0
94,s-meta8-shot2-n8,s,8,2,8,libby,0.3903340101242065,300,0.0
95,s-meta8-shot2-n8,s,8,2,8,motocross-jump,0.2153970599174499,100,0.0
96,s-meta8-shot2-n8,s,8,2,8,paragliding-launch,0.4958850145339966,300,0.0
97,s-meta8-shot2-n8,s,8,2,8,parkour,0.3219340443611145,500,0.0
98,s-meta8-shot2-n8,s,8,2,8,scooter-black,0.531775176525116,1000,0.0
99,s-meta8-shot2-n8,s,8,2,8,soapbox,0.5893082022666931,100,0.0
100,s-meta8-shot4-n8,s,8,4,8,blackswan,0.7481425404548645,1000,0.0
101,s-meta8-shot4-n8,s,8,4,8,bmx-trees,0.354468822479248,400,0.0
102,s-meta8-shot4-n8,s,8,4,8,breakdance,0.5590984225273132,700,0.0
103,s-meta8-shot4-n8,s,8,4,8,camel,0.6417015790939331,700,0.0
104,s-meta8-shot4-n8,s,8,4,8,car-roundabout,0.8261926174163818,400,0.0
105,s-meta8-shot4-n8,s,8,4,8,car-shadow,0.818602442741394,700,0.0
106,s-meta8-shot4-n8,s,8,4,8,cows,0.7185724973678589,500,0.0
107,s-meta8-shot4-n8,s,8,4,8,dance-twirl,0.5398287773132324,300,0.0
108,s-meta8-shot4-n8,s,8,4,8,dog,0.725136399269104,800,0.0
109,s-meta8-shot4-n8,s,8,4,8,drift-chicane,0.6876485347747803,900,0.0
110,s-meta8-shot4-n8,s,8,4,8,drift-straight,0.7226742506027222,400,0.0
111,s-meta8-shot4-n8,s,8,4,8,goat,0.6666398644447327,400,0.0
112,s-meta8-shot4-n8,s,8,4,8,horsejump-high,0.569862961769104,500,0.0
113,s-meta8-shot4-n8,s,8,4,8,kite-surf,0.4426522254943847,500,0.0
114,s-meta8-shot4-n8,s,8,4,8,libby,0.4406805038452148,300,0.0
115,s-meta8-shot4-n8,s,8,4,8,motocross-jump,0.6847341656684875,300,0.0
116,s-meta8-shot4-n8,s,8,4,8,paragliding-launch,0.5028253197669983,100,0.0
117,s-meta8-shot4-n8,s,8,4,8,parkour,0.4969830513000488,200,0.0
118,s-meta8-shot4-n8,s,8,4,8,scooter-black,0.672823429107666,400,0.0
119,s-meta8-shot4-n8,s,8,4,8,soapbox,0.6425007581710815,900,0.0
120,st-meta8-shot2-n128,st,8,2,128,blackswan,0.7222034335136414,600,-0.5035521356951557
121,st-meta8-shot2-n128,st,8,2,128,bmx-trees,0.3291888833045959,400,20.874417281302645
122,st-meta8-shot2-n128,st,8,2,128,breakdance,0.4749121069908142,600,4.549311114027043
123,st-meta8-shot2-n128,st,8,2,128,camel,0.6023422479629517,500,1.4921484792888497
124,st-meta8-shot2-n128,st,8,2,128,car-roundabout,0.8105357885360718,600,4.266644686524192
125,st-meta8-shot2-n128,st,8,2,128,car-shadow,0.7713180184364319,900,-2.3064995028721684
126,st-meta8-shot2-n128,st,8,2,128,cows,0.699840247631073,900,-1.0796143667526124
127,st-meta8-shot2-n128,st,8,2,128,dance-twirl,0.4767340421676636,400,0.9177680438360478
128,st-meta8-shot2-n128,st,8,2,128,dog,0.6834912300109863,400,-1.4331504468441552
129,st-meta8-shot2-n128,st,8,2,128,drift-chicane,0.4405843615531921,600,-3.7569127961041335
130,st-meta8-shot2-n128,st,8,2,128,goat,0.6158596873283386,200,-4.09476419268166
131,st-meta8-shot2-n128,st,8,2,128,drift-straight,0.0879613161087036,900,-65.4819188619984
132,st-meta8-shot2-n128,st,8,2,128,horsejump-high,0.5209983587265015,200,-2.1402100991853286
133,st-meta8-shot2-n128,st,8,2,128,kite-surf,0.3914858102798462,1000,-6.788144061351402
134,st-meta8-shot2-n128,st,8,2,128,libby,0.4225633144378662,200,8.256852715294825
135,st-meta8-shot2-n128,st,8,2,128,motocross-jump,0.2935734987258911,300,36.29410672476311
136,st-meta8-shot2-n128,st,8,2,128,paragliding-launch,0.4934806227684021,500,-0.484868809325482
137,st-meta8-shot2-n128,st,8,2,128,parkour,0.4745820760726928,200,47.4159332898488
138,st-meta8-shot2-n128,st,8,2,128,scooter-black,0.6037602424621582,500,13.536748068503035
139,st-meta8-shot2-n128,st,8,2,128,soapbox,0.6060678362846375,100,2.8439505768765314
140,st-meta8-shot2-n16,st,8,2,16,blackswan,0.7265424728393555,700,0.09422818494344462
141,st-meta8-shot2-n16,st,8,2,16,bmx-trees,0.3529485464096069,900,29.598695585563878
142,st-meta8-shot2-n16,st,8,2,16,breakdance,0.4738500118255615,200,4.3154966539824295
143,st-meta8-shot2-n16,st,8,2,16,camel,0.6037206649780273,500,1.7244059787977404
144,st-meta8-shot2-n16,st,8,2,16,car-roundabout,0.8064296841621399,700,3.7384388603807293
145,st-meta8-shot2-n16,st,8,2,16,car-shadow,0.7912171483039856,800,0.2138819832871436
146,st-meta8-shot2-n16,st,8,2,16,cows,0.7001839876174927,900,-1.031027718400649
147,st-meta8-shot2-n16,st,8,2,16,dance-twirl,0.4710761308670044,600,-0.279930735249066
148,st-meta8-shot2-n16,st,8,2,16,dog,0.6761511564254761,400,-2.491668679478176
149,st-meta8-shot2-n16,st,8,2,16,drift-chicane,0.4194499254226684,700,-8.373607252404273
150,st-meta8-shot2-n16,st,8,2,16,drift-straight,0.0598520636558532,900,-76.51264804864427
151,st-meta8-shot2-n16,st,8,2,16,goat,0.6390671133995056,500,-0.48076945389375825
152,st-meta8-shot2-n16,st,8,2,16,horsejump-high,0.5355125069618225,200,0.5860009782730021
153,st-meta8-shot2-n16,st,8,2,16,kite-surf,0.394587755203247,1000,-6.049578228983237
154,st-meta8-shot2-n16,st,8,2,16,libby,0.4293693900108337,200,10.000506969455703
155,st-meta8-shot2-n16,st,8,2,16,motocross-jump,0.4109686613082886,300,90.7958546257738
156,st-meta8-shot2-n16,st,8,2,16,paragliding-launch,0.4996629357337951,300,0.7618542785264031
157,st-meta8-shot2-n16,st,8,2,16,parkour,0.4453973770141601,700,38.350505271370544
158,st-meta8-shot2-n16,st,8,2,16,scooter-black,0.5768526196479797,100,8.476785888619744
159,st-meta8-shot2-n16,st,8,2,16,soapbox,0.6008536219596863,400,1.9591479719076186
160,st-meta8-shot2-n2,st,8,2,2,blackswan,0.7264863848686218,200,0.0865010631977556
161,st-meta8-shot2-n2,st,8,2,2,bmx-trees,0.3281764984130859,500,20.502681053161435
162,st-meta8-shot2-n2,st,8,2,2,breakdance,0.4404031038284302,400,-3.047657787691892
163,st-meta8-shot2-n2,st,8,2,2,camel,0.5821077823638916,100,-1.9172743097053226
164,st-meta8-shot2-n2,st,8,2,2,car-roundabout,0.7635799050331116,500,-1.7737208227985195
165,st-meta8-shot2-n2,st,8,2,2,car-shadow,0.7379610538482666,1000,-6.531421725203438
166,st-meta8-shot2-n2,st,8,2,2,cows,0.6798303127288818,700,-3.907960526781378
167,st-meta8-shot2-n2,st,8,2,2,dance-twirl,0.4542897939682007,200,-3.833357811185419
168,st-meta8-shot2-n2,st,8,2,2,dog,0.6752950549125671,1000,-2.6151278042189103
169,st-meta8-shot2-n2,st,8,2,2,drift-chicane,0.3950313329696655,100,-13.707706525846183
170,st-meta8-shot2-n2,st,8,2,2,drift-straight,0.0954152941703796,400,-62.55680324394825
171,st-meta8-shot2-n2,st,8,2,2,goat,0.6253699064254761,300,-2.613777818907264
172,st-meta8-shot2-n2,st,8,2,2,horsejump-high,0.4831034541130066,300,-9.25805863301294
173,st-meta8-shot2-n2,st,8,2,2,kite-surf,0.417622447013855,1000,-0.5650719754698845
174,st-meta8-shot2-n2,st,8,2,2,libby,0.418735146522522,100,7.276111141142449
175,st-meta8-shot2-n2,st,8,2,2,motocross-jump,0.3237694501876831,300,50.31284564040314
176,st-meta8-shot2-n2,st,8,2,2,paragliding-launch,0.4998054504394531,500,0.7905937446286285
177,st-meta8-shot2-n2,st,8,2,2,parkour,0.4475898742675781,200,39.03154453758704
178,st-meta8-shot2-n2,st,8,2,2,scooter-black,0.5624651312828064,100,5.771227411973964
179,st-meta8-shot2-n2,st,8,2,2,soapbox,0.5937185883522034,300,0.7484005938736826
180,st-meta8-shot2-n8,st,8,2,8,blackswan,0.7375108003616333,500,1.6053115955685242
181,st-meta8-shot2-n8,st,8,2,8,bmx-trees,0.3298251032829284,600,21.108030027795387
182,st-meta8-shot2-n8,st,8,2,8,breakdance,0.4829952120780945,600,6.328762629576184
183,st-meta8-shot2-n8,st,8,2,8,camel,0.5907204151153564,800,-0.4660817278045751
184,st-meta8-shot2-n8,st,8,2,8,car-roundabout,0.787031352519989,700,1.2430537318639863
185,st-meta8-shot2-n8,st,8,2,8,car-shadow,0.7664733529090881,700,-2.920114539460324
186,st-meta8-shot2-n8,st,8,2,8,cows,0.6830245852470398,900,-3.45645938722354
187,st-meta8-shot2-n8,st,8,2,8,dance-twirl,0.4667353630065918,800,-1.1988091146436606
188,st-meta8-shot2-n8,st,8,2,8,dog,0.6823766231536865,600,-1.5938888463882424
189,st-meta8-shot2-n8,st,8,2,8,drift-chicane,0.4295578002929687,100,-6.165600869338563
190,st-meta8-shot2-n8,st,8,2,8,drift-straight,0.1529784798622131,400,-39.96766062792553
191,st-meta8-shot2-n8,st,8,2,8,goat,0.6396685838699341,100,-0.38710499024324635
192,st-meta8-shot2-n8,st,8,2,8,horsejump-high,0.5409054756164551,200,1.5989691971634337
193,st-meta8-shot2-n8,st,8,2,8,kite-surf,0.4251445531845093,600,1.2259239133288553
194,st-meta8-shot2-n8,st,8,2,8,libby,0.4214150905609131,500,7.962688269673561
195,st-meta8-shot2-n8,st,8,2,8,motocross-jump,0.2768109440803528,300,28.511941707300704
196,st-meta8-shot2-n8,st,8,2,8,paragliding-launch,0.5054330229759216,300,1.9254480700324657
197,st-meta8-shot2-n8,st,8,2,8,parkour,0.469622254371643,100,45.875300421742956
198,st-meta8-shot2-n8,st,8,2,8,scooter-black,0.5514193773269653,100,3.694080067861453
199,st-meta8-shot2-n8,st,8,2,8,soapbox,0.5953364372253418,300,1.0229341684812638
200,ts-meta2-shot1-n128,ts,2,1,128,blackswan,0.615924060344696,800,-4.704328171153334
201,ts-meta2-shot1-n128,ts,2,1,128,bmx-trees,0.0017763972282409,300,-99.39000153507652
202,ts-meta2-shot1-n128,ts,2,1,128,breakdance,0.2206720113754272,500,-43.563380378305915
203,ts-meta2-shot1-n128,ts,2,1,128,camel,0.5475018620491028,400,-1.6042831730924763
204,ts-meta2-shot1-n128,ts,2,1,128,car-roundabout,0.7398667931556702,700,3.22352067330225
205,ts-meta2-shot1-n128,ts,2,1,128,car-shadow,0.6816325783729553,300,-0.18045539105898267
206,ts-meta2-shot1-n128,ts,2,1,128,cows,0.6800630688667297,200,-6.8473027020455755
207,ts-meta2-shot1-n128,ts,2,1,128,dance-twirl,0.2816833257675171,100,-21.467709340945948
208,ts-meta2-shot1-n128,ts,2,1,128,dog,0.4942270517349243,1000,-22.231103154329507
209,ts-meta2-shot1-n128,ts,2,1,128,drift-chicane,0.0364933013916015,0,79.92606132560674
210,ts-meta2-shot1-n128,ts,2,1,128,drift-straight,0.1121857762336731,0,-42.73145781607517
211,ts-meta2-shot1-n128,ts,2,1,128,goat,0.1183118820190429,900,-79.70203796265704
212,ts-meta2-shot1-n128,ts,2,1,128,horsejump-high,0.2670503854751587,800,-41.96601192864779
213,ts-meta2-shot1-n128,ts,2,1,128,kite-surf,0.0,0,-100.0
214,ts-meta2-shot1-n128,ts,2,1,128,libby,0.2883337140083313,500,-30.621933879798192
215,ts-meta2-shot1-n128,ts,2,1,128,motocross-jump,0.040482223033905,700,-86.15159416554658
216,ts-meta2-shot1-n128,ts,2,1,128,paragliding-launch,0.3171069622039795,500,-31.73572726173909
217,ts-meta2-shot1-n128,ts,2,1,128,parkour,0.0,0,-100.0
218,ts-meta2-shot1-n128,ts,2,1,128,scooter-black,0.0,0,-100.0
219,ts-meta2-shot1-n128,ts,2,1,128,soapbox,0.0065575838088989,0,-94.74878478122247
220,ts-meta2-shot1-n2,ts,2,1,2,blackswan,0.6499678492546082,900,0.5629213887257104
221,ts-meta2-shot1-n2,ts,2,1,2,bmx-trees,0.2629368901252746,900,-9.709891009568645
222,ts-meta2-shot1-n2,ts,2,1,2,breakdance,0.3747823238372803,500,-4.149840663959859
223,ts-meta2-shot1-n2,ts,2,1,2,camel,0.5430458784103394,500,-2.4051018272320976
224,ts-meta2-shot1-n2,ts,2,1,2,car-roundabout,0.6621811985969543,600,-7.614890578738037
225,ts-meta2-shot1-n2,ts,2,1,2,car-shadow,0.6229434013366699,400,-8.775007809928468
226,ts-meta2-shot1-n2,ts,2,1,2,cows,0.6992284655570984,100,-4.222092661647115
227,ts-meta2-shot1-n2,ts,2,1,2,dance-twirl,0.3443765640258789,600,-3.989061657957127
228,ts-meta2-shot1-n2,ts,2,1,2,dog,0.5766867399215698,200,-9.255692435709326
229,ts-meta2-shot1-n2,ts,2,1,2,drift-chicane,0.0295967459678649,600,45.923381195596676
230,ts-meta2-shot1-n2,ts,2,1,2,drift-straight,0.2446085214614868,0,24.867642763253965
231,ts-meta2-shot1-n2,ts,2,1,2,goat,0.5794773101806641,600,-0.5830332269117462
232,ts-meta2-shot1-n2,ts,2,1,2,horsejump-high,0.4586771726608276,400,-0.32268435247721644
233,ts-meta2-shot1-n2,ts,2,1,2,kite-surf,0.3747797608375549,400,-5.498589037900595
234,ts-meta2-shot1-n2,ts,2,1,2,libby,0.4143701791763305,300,-0.29538589335876436
235,ts-meta2-shot1-n2,ts,2,1,2,motocross-jump,0.4026738405227661,500,37.74912404901411
236,ts-meta2-shot1-n2,ts,2,1,2,paragliding-launch,0.4017704129219055,500,-13.510050819311594
237,ts-meta2-shot1-n2,ts,2,1,2,parkour,0.1400352716445922,600,137.16863650863522
238,ts-meta2-shot1-n2,ts,2,1,2,scooter-black,0.0271232724189758,300,-55.99109092632316
239,ts-meta2-shot1-n2,ts,2,1,2,soapbox,0.1747685670852661,0,39.95205947603356
240,ts-meta2-shot1-n8,ts,2,1,8,blackswan,0.6436685919761658,800,-0.41169868706085894
241,ts-meta2-shot1-n8,ts,2,1,8,bmx-trees,0.2536083459854126,500,-12.913227242490901
242,ts-meta2-shot1-n8,ts,2,1,8,breakdance,0.3741645812988281,500,-4.307827625919665
243,ts-meta2-shot1-n8,ts,2,1,8,camel,0.5412524342536926,700,-2.727415294298365
244,ts-meta2-shot1-n8,ts,2,1,8,car-roundabout,0.6921141743659973,900,-3.4387508037242913
245,ts-meta2-shot1-n8,ts,2,1,8,car-shadow,0.6336073279380798,100,-7.2133625322969674
246,ts-meta2-shot1-n8,ts,2,1,8,cows,0.7013021111488342,100,-3.938051829328281
247,ts-meta2-shot1-n8,ts,2,1,8,dance-twirl,0.3106259703636169,300,-13.398604889450874
248,ts-meta2-shot1-n8,ts,2,1,8,dog,0.5820692181587219,300,-8.4087347604268
249,ts-meta2-shot1-n8,ts,2,1,8,drift-chicane,0.094692587852478,600,366.87100698832296
250,ts-meta2-shot1-n8,ts,2,1,8,drift-straight,0.2299562692642212,0,17.38796796650601
251,ts-meta2-shot1-n8,ts,2,1,8,goat,0.5785464644432068,1000,-0.7427320764194325
252,ts-meta2-shot1-n8,ts,2,1,8,horsejump-high,0.4869587421417236,400,5.823317882168919
253,ts-meta2-shot1-n8,ts,2,1,8,kite-surf,0.3279123306274414,600,-17.316298385719875
254,ts-meta2-shot1-n8,ts,2,1,8,libby,0.3522416949272156,1000,-15.244571086660391
255,ts-meta2-shot1-n8,ts,2,1,8,motocross-jump,0.2913050651550293,800,-0.34858608135088937
256,ts-meta2-shot1-n8,ts,2,1,8,paragliding-launch,0.4072701930999756,500,-12.326101745892151
257,ts-meta2-shot1-n8,ts,2,1,8,parkour,0.0192046165466308,400,-67.47438936244964
258,ts-meta2-shot1-n8,ts,2,1,8,scooter-black,0.0022696256637573,0,-96.31741524677906
259,ts-meta2-shot1-n8,ts,2,1,8,soapbox,0.1599406599998474,0,28.078092841569074
260,ts-meta2-shot2-n128,ts,2,2,128,blackswan,0.6555116772651672,900,-10.267741311172475
261,ts-meta2-shot2-n128,ts,2,2,128,bmx-trees,0.198340356349945,500,-17.479882057399077
262,ts-meta2-shot2-n128,ts,2,2,128,breakdance,0.3554649353027344,600,-23.021075611695114
263,ts-meta2-shot2-n128,ts,2,2,128,camel,0.5867016911506653,1000,-1.8172723110576026
264,ts-meta2-shot2-n128,ts,2,2,128,car-roundabout,0.791799783706665,900,7.064854360418633
265,ts-meta2-shot2-n128,ts,2,2,128,car-shadow,0.7134513258934021,700,-3.2345459741378932
266,ts-meta2-shot2-n128,ts,2,2,128,cows,0.6565531492233276,200,-10.22622146477565
267,ts-meta2-shot2-n128,ts,2,2,128,dance-twirl,0.4252015948295593,300,-0.7280666427498511
268,ts-meta2-shot2-n128,ts,2,2,128,dog,0.6000983119010925,400,-13.000754375246814
269,ts-meta2-shot2-n128,ts,2,2,128,drift-chicane,0.5520964860916138,600,26.589737730584538
270,ts-meta2-shot2-n128,ts,2,2,128,drift-straight,0.1267527937889099,0,-40.35509958865371
271,ts-meta2-shot2-n128,ts,2,2,128,goat,0.2932239770889282,300,-53.69011015948283
272,ts-meta2-shot2-n128,ts,2,2,128,horsejump-high,0.4775099754333496,400,-6.597864104836076
273,ts-meta2-shot2-n128,ts,2,2,128,kite-surf,0.3752661347389221,800,-9.79515678732622
274,ts-meta2-shot2-n128,ts,2,2,128,libby,0.3674349188804626,500,-11.332847652876088
275,ts-meta2-shot2-n128,ts,2,2,128,motocross-jump,0.4724346995353699,1000,34.72958855331924
276,ts-meta2-shot2-n128,ts,2,2,128,paragliding-launch,0.4179651141166687,300,-12.29001980146996
277,ts-meta2-shot2-n128,ts,2,2,128,parkour,0.3671273589134216,800,47.08196544369293
278,ts-meta2-shot2-n128,ts,2,2,128,scooter-black,0.5179017186164856,1000,-17.505424982948426
279,ts-meta2-shot2-n128,ts,2,2,128,soapbox,0.4438484907150268,500,-20.044525279327203
280,ts-meta2-shot2-n2,ts,2,2,2,blackswan,0.6644536256790161,600,-9.043688016498582
281,ts-meta2-shot2-n2,ts,2,2,2,bmx-trees,0.2477439045906067,500,3.0746167981411014
282,ts-meta2-shot2-n2,ts,2,2,2,breakdance,0.4371743202209472,700,-5.326220398825343
283,ts-meta2-shot2-n2,ts,2,2,2,camel,0.5448348522186279,400,-8.823559335727914
284,ts-meta2-shot2-n2,ts,2,2,2,car-roundabout,0.6929933428764343,400,-6.295464011781152
285,ts-meta2-shot2-n2,ts,2,2,2,car-shadow,0.576261043548584,700,-21.84167371674723
286,ts-meta2-shot2-n2,ts,2,2,2,cows,0.6364099979400635,100,-12.98049475467525
287,ts-meta2-shot2-n2,ts,2,2,2,dance-twirl,0.3640955686569214,300,-14.994507389210549
288,ts-meta2-shot2-n2,ts,2,2,2,dog,0.5970245003700256,900,-13.446380165374954
289,ts-meta2-shot2-n2,ts,2,2,2,drift-chicane,0.4752433896064758,500,8.96815604527284
290,ts-meta2-shot2-n2,ts,2,2,2,drift-straight,0.3124523758888244,0,47.027850717149406
291,ts-meta2-shot2-n2,ts,2,2,2,goat,0.5393144488334656,100,-14.824179922699527
292,ts-meta2-shot2-n2,ts,2,2,2,horsejump-high,0.4908570051193237,800,-3.9871519843305614
293,ts-meta2-shot2-n2,ts,2,2,2,kite-surf,0.2457110285758972,300,-40.937050384965744
294,ts-meta2-shot2-n2,ts,2,2,2,libby,0.4167319536209106,400,0.563211934794149
295,ts-meta2-shot2-n2,ts,2,2,2,motocross-jump,0.5162853598594666,1000,47.234981211960296
296,ts-meta2-shot2-n2,ts,2,2,2,paragliding-launch,0.3894286155700683,800,-18.278404089827205
297,ts-meta2-shot2-n2,ts,2,2,2,parkour,0.3421827554702759,1000,37.0884271999343
298,ts-meta2-shot2-n2,ts,2,2,2,scooter-black,0.3986810445785522,600,-36.49562811314651
299,ts-meta2-shot2-n2,ts,2,2,2,soapbox,0.543061375617981,900,-2.172180376128446
300,ts-meta2-shot2-n8,ts,2,2,8,blackswan,0.6513903737068176,1000,-10.831901935397962
301,ts-meta2-shot2-n8,ts,2,2,8,bmx-trees,0.2637625336647033,500,9.73921690675937
302,ts-meta2-shot2-n8,ts,2,2,8,breakdance,0.4122189283370971,800,-10.730520609959662
303,ts-meta2-shot2-n8,ts,2,2,8,camel,0.5808854699134827,600,-2.790599087718108
304,ts-meta2-shot2-n8,ts,2,2,8,car-roundabout,0.7159931659698486,1000,-3.1854951023629354
305,ts-meta2-shot2-n8,ts,2,2,8,car-shadow,0.6719144582748413,200,-8.868194280683614
306,ts-meta2-shot2-n8,ts,2,2,8,cows,0.6537302732467651,300,-10.61220734124599
307,ts-meta2-shot2-n8,ts,2,2,8,dance-twirl,0.4148876667022705,600,-3.136062280946137
308,ts-meta2-shot2-n8,ts,2,2,8,dog,0.6129098534584045,400,-11.14340129047422
309,ts-meta2-shot2-n8,ts,2,2,8,drift-chicane,0.4835361242294311,400,10.869590173971595
310,ts-meta2-shot2-n8,ts,2,2,8,drift-straight,0.3174610137939453,0,49.384719549129095
311,ts-meta2-shot2-n8,ts,2,2,8,goat,0.5896527171134949,100,-6.874080882525985
312,ts-meta2-shot2-n8,ts,2,2,8,horsejump-high,0.5001312494277954,500,-2.1730867882292593
313,ts-meta2-shot2-n8,ts,2,2,8,kite-surf,0.1985707283020019,800,-52.268430974806236
314,ts-meta2-shot2-n8,ts,2,2,8,libby,0.4352771043777466,400,5.0384145433728715
315,ts-meta2-shot2-n8,ts,2,2,8,motocross-jump,0.4981048107147217,500,42.05022677213216
316,ts-meta2-shot2-n8,ts,2,2,8,paragliding-launch,0.405673086643219,800,-14.869501796216333
317,ts-meta2-shot2-n8,ts,2,2,8,parkour,0.4233078956604004,1000,69.58953281454619
318,ts-meta2-shot2-n8,ts,2,2,8,scooter-black,0.4079662561416626,500,-35.0166224363775
319,ts-meta2-shot2-n8,ts,2,2,8,soapbox,0.5551615357398987,900,0.007559032662859306
320,ts-meta2-shot4-n128,ts,2,4,128,blackswan,0.6786110401153564,1000,-8.861767512095712
321,ts-meta2-shot4-n128,ts,2,4,128,bmx-trees,0.2917041778564453,1000,-18.743188451997888
322,ts-meta2-shot4-n128,ts,2,4,128,breakdance,0.4802079200744629,1000,-12.542050160037299
323,ts-meta2-shot4-n128,ts,2,4,128,camel,0.612012505531311,800,-3.1110277376139166
324,ts-meta2-shot4-n128,ts,2,4,128,car-roundabout,0.8352134823799133,1000,2.682619700883906
325,ts-meta2-shot4-n128,ts,2,4,128,car-shadow,0.7223814129829407,700,-10.178543093632793
326,ts-meta2-shot4-n128,ts,2,4,128,cows,0.6943922638893127,200,-4.345909430196508
327,ts-meta2-shot4-n128,ts,2,4,128,dance-twirl,0.4909489750862121,600,1.3570082003524166
328,ts-meta2-shot4-n128,ts,2,4,128,dog,0.6387078762054443,1000,-9.445052703311605
329,ts-meta2-shot4-n128,ts,2,4,128,drift-chicane,0.638840913772583,900,-4.760655651467519
330,ts-meta2-shot4-n128,ts,2,4,128,drift-straight,0.5552483797073364,400,-16.38257634408486
331,ts-meta2-shot4-n128,ts,2,4,128,goat,0.5353424549102783,1000,-17.285618534684012
332,ts-meta2-shot4-n128,ts,2,4,128,horsejump-high,0.5296932458877563,600,-5.476913167096039
333,ts-meta2-shot4-n128,ts,2,4,128,kite-surf,0.390581727027893,1000,-8.11057232522724
334,ts-meta2-shot4-n128,ts,2,4,128,libby,0.4509367942810058,800,-3.2952379564578
335,ts-meta2-shot4-n128,ts,2,4,128,motocross-jump,0.6087945103645325,900,-5.408312888693953
336,ts-meta2-shot4-n128,ts,2,4,128,paragliding-launch,0.4678081274032593,700,-7.18025898877627
337,ts-meta2-shot4-n128,ts,2,4,128,parkour,0.3871840238571167,1000,-24.29108004968264
338,ts-meta2-shot4-n128,ts,2,4,128,scooter-black,0.6156711578369141,1000,-8.345822456926054
339,ts-meta2-shot4-n128,ts,2,4,128,soapbox,0.6274799108505249,1000,0.08279574093917123
340,ts-meta2-shot4-n2,ts,2,4,2,blackswan,0.6203460693359375,900,-16.6868191821849
341,ts-meta2-shot4-n2,ts,2,4,2,bmx-trees,0.2997280955314636,1000,-16.508054313067213
342,ts-meta2-shot4-n2,ts,2,4,2,breakdance,0.4590364694595337,800,-16.397904235981333
343,ts-meta2-shot4-n2,ts,2,4,2,camel,0.5476004481315613,400,-13.308234471730707
344,ts-meta2-shot4-n2,ts,2,4,2,car-roundabout,0.7457000613212585,300,-8.322318277966895
345,ts-meta2-shot4-n2,ts,2,4,2,car-shadow,0.6590196490287781,900,-18.056993242314327
346,ts-meta2-shot4-n2,ts,2,4,2,cows,0.643737256526947,200,-11.323750218506545
347,ts-meta2-shot4-n2,ts,2,4,2,dance-twirl,0.4053720235824585,600,-16.310456679890926
348,ts-meta2-shot4-n2,ts,2,4,2,dog,0.5916649699211121,1000,-16.11471822328167
349,ts-meta2-shot4-n2,ts,2,4,2,drift-chicane,0.5221547484397888,900,-22.15640104168194
350,ts-meta2-shot4-n2,ts,2,4,2,drift-straight,0.5980300903320312,1000,-9.939880511428106
351,ts-meta2-shot4-n2,ts,2,4,2,goat,0.528637170791626,1000,-18.32163468348075
352,ts-meta2-shot4-n2,ts,2,4,2,horsejump-high,0.4168764352798462,900,-25.608929703252635
353,ts-meta2-shot4-n2,ts,2,4,2,kite-surf,0.1909407973289489,900,-55.078695770452924
354,ts-meta2-shot4-n2,ts,2,4,2,libby,0.4274938106536865,1000,-8.32265683649231
355,ts-meta2-shot4-n2,ts,2,4,2,motocross-jump,0.563232421875,1000,-12.487540354064635
356,ts-meta2-shot4-n2,ts,2,4,2,paragliding-launch,0.3840689659118652,800,-23.79529157761386
357,ts-meta2-shot4-n2,ts,2,4,2,parkour,0.4216171503067016,700,-17.558119355589525
358,ts-meta2-shot4-n2,ts,2,4,2,scooter-black,0.4932693243026733,700,-26.567626807417987
359,ts-meta2-shot4-n2,ts,2,4,2,soapbox,0.5469046831130981,900,-12.768920975367863
360,ts-meta2-shot4-n8,ts,2,4,8,blackswan,0.6541724801063538,1000,-12.143893843832775
361,ts-meta2-shot4-n8,ts,2,4,8,bmx-trees,0.2784035205841064,800,-22.44820566973167
362,ts-meta2-shot4-n8,ts,2,4,8,breakdance,0.4586899876594543,1000,-16.46100729327182
363,ts-meta2-shot4-n8,ts,2,4,8,camel,0.5483973026275635,1000,-13.182082779628782
364,ts-meta2-shot4-n8,ts,2,4,8,car-roundabout,0.7593613266944885,600,-6.642778200434779
365,ts-meta2-shot4-n8,ts,2,4,8,car-shadow,0.6819772124290466,100,-15.202432265838716
366,ts-meta2-shot4-n8,ts,2,4,8,cows,0.6804835796356201,900,-6.261861857226407
367,ts-meta2-shot4-n8,ts,2,4,8,dance-twirl,0.4236368536949157,400,-12.539660468000918
368,ts-meta2-shot4-n8,ts,2,4,8,dog,0.5863798260688782,800,-16.86403718555561
369,ts-meta2-shot4-n8,ts,2,4,8,drift-chicane,0.5321552157402039,300,-20.665516647246427
370,ts-meta2-shot4-n8,ts,2,4,8,drift-straight,0.5347729921340942,900,-19.466059736027898
371,ts-meta2-shot4-n8,ts,2,4,8,goat,0.5157366394996643,200,-20.314862488601115
372,ts-meta2-shot4-n8,ts,2,4,8,horsejump-high,0.4686065912246704,800,-16.3777490902976
373,ts-meta2-shot4-n8,ts,2,4,8,kite-surf,0.1941172480583191,800,-54.33139445203231
374,ts-meta2-shot4-n8,ts,2,4,8,libby,0.4362478256225586,800,-6.445331798423137
375,ts-meta2-shot4-n8,ts,2,4,8,motocross-jump,0.5796839594841003,900,-9.93137621078401
376,ts-meta2-shot4-n8,ts,2,4,8,paragliding-launch,0.3980018496513366,700,-21.030810619542716
377,ts-meta2-shot4-n8,ts,2,4,8,parkour,0.42599618434906,500,-16.701854847385093
378,ts-meta2-shot4-n8,ts,2,4,8,scooter-black,0.5708020329475403,900,-15.02543167113968
379,ts-meta2-shot4-n8,ts,2,4,8,soapbox,0.5231091976165771,1000,-16.56429142998008
380,ts-meta8-shot1-n128,ts,8,1,128,blackswan,0.6704508066177368,300,-1.7475338393387632
381,ts-meta8-shot1-n128,ts,8,1,128,bmx-trees,0.2908943295478821,900,7.939283783795739
382,ts-meta8-shot1-n128,ts,8,1,128,breakdance,0.4515597820281982,200,16.46370100103627
383,ts-meta8-shot1-n128,ts,8,1,128,camel,0.5279659628868103,100,-3.950304160657551
384,ts-meta8-shot1-n128,ts,8,1,128,car-roundabout,0.6920804381370544,600,-3.007480861382909
385,ts-meta8-shot1-n128,ts,8,1,128,car-shadow,0.6580135226249695,700,1.0322191783429546
386,ts-meta8-shot1-n128,ts,8,1,128,cows,0.7104282379150391,200,1.020793284338126
387,ts-meta8-shot1-n128,ts,8,1,128,dance-twirl,0.4191304445266723,400,64.99327998618453
388,ts-meta8-shot1-n128,ts,8,1,128,dog,0.6062359809875488,300,-7.589423622766091
389,ts-meta8-shot1-n128,ts,8,1,128,drift-chicane,0.0186206102371215,0,-44.50152957353164
390,ts-meta8-shot1-n128,ts,8,1,128,drift-straight,0.0051023364067077,300,-97.56997847689549
391,ts-meta8-shot1-n128,ts,8,1,128,goat,0.5994006991386414,300,24.802720664623344
392,ts-meta8-shot1-n128,ts,8,1,128,horsejump-high,0.5193691253662109,100,-6.2531415469149145
393,ts-meta8-shot1-n128,ts,8,1,128,kite-surf,0.4144580960273742,200,-1.2742081083053598
394,ts-meta8-shot1-n128,ts,8,1,128,libby,0.3292919993400574,100,-12.516682406877807
395,ts-meta8-shot1-n128,ts,8,1,128,motocross-jump,0.5185262560844421,600,150.4494568343522
396,ts-meta8-shot1-n128,ts,8,1,128,paragliding-launch,0.4618844985961914,100,-4.16352638394021
397,ts-meta8-shot1-n128,ts,8,1,128,parkour,0.184623122215271,300,67.13937517435872
398,ts-meta8-shot1-n128,ts,8,1,128,scooter-black,0.0141381025314331,400,-70.72948609577166
399,ts-meta8-shot1-n128,ts,8,1,128,soapbox,0.4535151720046997,600,672.0859767259686
400,ts-meta8-shot2-n128,ts,8,2,128,blackswan,0.7095335125923157,600,-2.2490604895677695
401,ts-meta8-shot2-n128,ts,8,2,128,bmx-trees,0.3516701459884643,200,29.129281477752713
402,ts-meta8-shot2-n128,ts,8,2,128,breakdance,0.501537561416626,800,10.410759742815918
403,ts-meta8-shot2-n128,ts,8,2,128,camel,0.5867607593536377,100,-1.1332671557806466
404,ts-meta8-shot2-n128,ts,8,2,128,car-roundabout,0.7989294528961182,300,2.773615394789556
405,ts-meta8-shot2-n128,ts,8,2,128,car-shadow,0.7668589353561401,900,-2.8712774864129718
406,ts-meta8-shot2-n128,ts,8,2,128,cows,0.7039806842803955,200,-0.49437567631232815
407,ts-meta8-shot2-n128,ts,8,2,128,dance-twirl,0.5021872520446777,100,6.305847985977471
408,ts-meta8-shot2-n128,ts,8,2,128,dog,0.6649316549301147,800,-4.109642498889015
409,ts-meta8-shot2-n128,ts,8,2,128,drift-chicane,0.5627865195274353,800,22.937436737678446
410,ts-meta8-shot2-n128,ts,8,2,128,drift-straight,0.1219469308853149,500,-52.14516743215189
411,ts-meta8-shot2-n128,ts,8,2,128,goat,0.6364977359771729,200,-0.8808877805791825
412,ts-meta8-shot2-n128,ts,8,2,128,horsejump-high,0.5224938988685608,100,-1.8593008762697367
413,ts-meta8-shot2-n128,ts,8,2,128,kite-surf,0.3863443732261657,300,-8.01230820058985
414,ts-meta8-shot2-n128,ts,8,2,128,libby,0.4571444988250732,300,17.116235574657516
415,ts-meta8-shot2-n128,ts,8,2,128,motocross-jump,0.480694830417633,500,123.16684851773626
416,ts-meta8-shot2-n128,ts,8,2,128,paragliding-launch,0.48188316822052,1000,-2.8236074700976133
417,ts-meta8-shot2-n128,ts,8,2,128,parkour,0.4746456146240234,300,47.435669801859106
418,ts-meta8-shot2-n128,ts,8,2,128,scooter-black,0.4930334091186523,500,-7.285365905874301
419,ts-meta8-shot2-n128,ts,8,2,128,soapbox,0.5862284302711487,100,-0.522608031535708
420,ts-meta8-shot2-n16,ts,8,2,16,blackswan,0.7030627727508545,700,-3.1405207061817384
421,ts-meta8-shot2-n16,ts,8,2,16,bmx-trees,0.3552408218383789,700,30.440393075222694
422,ts-meta8-shot2-n16,ts,8,2,16,breakdance,0.490881085395813,500,8.06479464637188
423,ts-meta8-shot2-n16,ts,8,2,16,camel,0.5934010148048401,900,-0.014411896211850657
424,ts-meta8-shot2-n16,ts,8,2,16,car-roundabout,0.797764003276825,300,2.623692932297966
425,ts-meta8-shot2-n16,ts,8,2,16,car-shadow,0.767991304397583,600,-2.727854030887605
426,ts-meta8-shot2-n16,ts,8,2,16,cows,0.7125040888786316,100,0.7103827990964416
427,ts-meta8-shot2-n16,ts,8,2,16,dance-twirl,0.4819304943084717,300,2.017782528668107
428,ts-meta8-shot2-n16,ts,8,2,16,dog,0.6702942252159119,500,-3.33630169308249
429,ts-meta8-shot2-n16,ts,8,2,16,drift-chicane,0.465981125831604,1000,1.7908624143623146
430,ts-meta8-shot2-n16,ts,8,2,16,drift-straight,0.0566138625144958,500,-77.78339403885217
431,ts-meta8-shot2-n16,ts,8,2,16,goat,0.6250131726264954,200,-2.669330471265634
432,ts-meta8-shot2-n16,ts,8,2,16,horsejump-high,0.5181416273117065,900,-2.676793624588799
433,ts-meta8-shot2-n16,ts,8,2,16,kite-surf,0.412433385848999,200,-1.800575304210302
434,ts-meta8-shot2-n16,ts,8,2,16,libby,0.4470495581626892,200,14.53000419318714
435,ts-meta8-shot2-n16,ts,8,2,16,motocross-jump,0.3666738867759704,600,70.23161175760559
436,ts-meta8-shot2-n16,ts,8,2,16,paragliding-launch,0.4837194681167602,600,-2.453299870065411
437,ts-meta8-shot2-n16,ts,8,2,16,parkour,0.4607859849929809,100,43.13055517549294
438,ts-meta8-shot2-n16,ts,8,2,16,scooter-black,0.6255239844322205,500,17.6294065698414
439,ts-meta8-shot2-n16,ts,8,2,16,soapbox,0.5791915655136108,300,-1.7166970889205375
440,ts-meta8-shot2-n2,ts,8,2,2,blackswan,0.7183313369750977,700,-1.0370027307697518
441,ts-meta8-shot2-n2,ts,8,2,2,bmx-trees,0.3219658732414245,700,18.222210063250948
442,ts-meta8-shot2-n2,ts,8,2,2,breakdance,0.4677854776382446,500,2.980422516730088
443,ts-meta8-shot2-n2,ts,8,2,2,camel,0.5824601054191589,600,-1.8579093490723964
444,ts-meta8-shot2-n2,ts,8,2,2,car-roundabout,0.7712073922157288,300,-0.7925272627246814
445,ts-meta8-shot2-n2,ts,8,2,2,car-shadow,0.7632707357406616,400,-3.325751221681266
446,ts-meta8-shot2-n2,ts,8,2,2,cows,0.7088779211044312,200,0.19783451995852233
447,ts-meta8-shot2-n2,ts,8,2,2,dance-twirl,0.4679508209228515,100,-0.941514083849525
448,ts-meta8-shot2-n2,ts,8,2,2,dog,0.6737217307090759,800,-2.842018221029912
449,ts-meta8-shot2-n2,ts,8,2,2,drift-chicane,0.4612030982971191,1000,0.7471301333459596
450,ts-meta8-shot2-n2,ts,8,2,2,drift-straight,0.2568930387496948,500,0.8108467180192225
451,ts-meta8-shot2-n2,ts,8,2,2,goat,0.6355913877487183,300,-1.022029573688853
452,ts-meta8-shot2-n2,ts,8,2,2,horsejump-high,0.4956028461456299,100,-6.910281797035333
453,ts-meta8-shot2-n2,ts,8,2,2,kite-surf,0.4192501902580261,600,-0.17751011550788146
454,ts-meta8-shot2-n2,ts,8,2,2,libby,0.4077142477035522,200,4.452657756831185
455,ts-meta8-shot2-n2,ts,8,2,2,motocross-jump,0.3469640016555786,300,61.081122364693016
456,ts-meta8-shot2-n2,ts,8,2,2,paragliding-launch,0.4769406318664551,800,-3.820317636608623
457,ts-meta8-shot2-n2,ts,8,2,2,parkour,0.4715875387191772,900,46.48576221724344
458,ts-meta8-shot2-n2,ts,8,2,2,scooter-black,0.3429102897644043,200,-35.515927613404024
459,ts-meta8-shot2-n2,ts,8,2,2,soapbox,0.5893217325210571,200,0.002295955547873151
460,ts-meta8-shot2-n32,ts,8,2,32,blackswan,0.710670530796051,700,-2.0924158833820488
461,ts-meta8-shot2-n32,ts,8,2,32,bmx-trees,0.3395256996154785,200,24.66997877043619
462,ts-meta8-shot2-n32,ts,8,2,32,breakdance,0.4756287336349487,100,4.70707256265582
463,ts-meta8-shot2-n32,ts,8,2,32,camel,0.598431408405304,1000,0.833188377443444
464,ts-meta8-shot2-n32,ts,8,2,32,car-roundabout,0.8057827949523926,600,3.6552235744695536
465,ts-meta8-shot2-n32,ts,8,2,32,car-shadow,0.7627541422843933,1000,-3.391181850644228
466,ts-meta8-shot2-n32,ts,8,2,32,cows,0.7145016193389893,200,0.9927279258901544
467,ts-meta8-shot2-n32,ts,8,2,32,dance-twirl,0.5018775463104248,100,6.240287718225098
468,ts-meta8-shot2-n32,ts,8,2,32,dog,0.6680362224578857,700,-3.661930184522525
469,ts-meta8-shot2-n32,ts,8,2,32,drift-chicane,0.4794453978538513,900,4.732054202935762
470,ts-meta8-shot2-n32,ts,8,2,32,drift-straight,0.2493462562561035,200,-2.150687533272633
471,ts-meta8-shot2-n32,ts,8,2,32,goat,0.6323064565658569,200,-1.533578074403055
472,ts-meta8-shot2-n32,ts,8,2,32,horsejump-high,0.5109038949012756,400,-4.036266185643256
473,ts-meta8-shot2-n32,ts,8,2,32,kite-surf,0.3907409906387329,600,-6.965483876140856
474,ts-meta8-shot2-n32,ts,8,2,32,libby,0.4472327828407287,200,14.576944678332463
475,ts-meta8-shot2-n32,ts,8,2,32,motocross-jump,0.4228800535202026,300,96.32582435538802
476,ts-meta8-shot2-n32,ts,8,2,32,paragliding-launch,0.4848648309707641,400,-2.222326394272792
477,ts-meta8-shot2-n32,ts,8,2,32,parkour,0.4403045773506164,300,36.76856643863526
478,ts-meta8-shot2-n32,ts,8,2,32,scooter-black,0.4925898909568786,300,-7.36876922768256
479,ts-meta8-shot2-n32,ts,8,2,32,soapbox,0.579051673412323,300,-1.7404354487040543
480,ts-meta8-shot2-n8,ts,8,2,8,blackswan,0.7171790599822998,700,-1.1957495082274139
481,ts-meta8-shot2-n8,ts,8,2,8,bmx-trees,0.3428516387939453,600,25.891225843163863
482,ts-meta8-shot2-n8,ts,8,2,8,breakdance,0.48543381690979,900,6.8656081879018505
483,ts-meta8-shot2-n8,ts,8,2,8,camel,0.5909682512283325,1000,-0.4243223797565786
484,ts-meta8-shot2-n8,ts,8,2,8,car-roundabout,0.7943797707557678,500,2.1883480964493764
485,ts-meta8-shot2-n8,ts,8,2,8,car-shadow,0.7761204242706299,400,-1.6982369891794482
486,ts-meta8-shot2-n8,ts,8,2,8,cows,0.7060639262199402,200,-0.19991548096822145
487,ts-meta8-shot2-n8,ts,8,2,8,dance-twirl,0.4929537177085876,100,4.351241027100756
488,ts-meta8-shot2-n8,ts,8,2,8,dog,0.6410848498344421,700,-7.548610472407577
489,ts-meta8-shot2-n8,ts,8,2,8,drift-chicane,0.4691452383995056,1000,2.482044372618752
490,ts-meta8-shot2-n8,ts,8,2,8,drift-straight,0.1379193067550659,200,-45.87723295107413
491,ts-meta8-shot2-n8,ts,8,2,8,goat,0.6282796263694763,300,-2.160659384458048
492,ts-meta8-shot2-n8,ts,8,2,8,horsejump-high,0.5240887403488159,100,-1.5597397556467054
493,ts-meta8-shot2-n8,ts,8,2,8,kite-surf,0.3991533517837524,200,-4.962520359805694
494,ts-meta8-shot2-n8,ts,8,2,8,libby,0.4268245100975036,200,9.348532033292624
495,ts-meta8-shot2-n8,ts,8,2,8,motocross-jump,0.3240424394607544,600,50.439583337368866
496,ts-meta8-shot2-n8,ts,8,2,8,paragliding-launch,0.4786691069602966,100,-3.471753948821885
497,ts-meta8-shot2-n8,ts,8,2,8,parkour,0.4816890358924866,1000,49.6235158504002
498,ts-meta8-shot2-n8,ts,8,2,8,scooter-black,0.5376973748207092,700,1.1136658040888363
499,ts-meta8-shot2-n8,ts,8,2,8,soapbox,0.5737274885177612,300,-2.6438990139629497
500,ts-meta8-shot4-n128,ts,8,4,128,blackswan,0.740172803401947,500,-1.0652698679682011
501,ts-meta8-shot4-n128,ts,8,4,128,bmx-trees,0.3883591890335083,600,9.560887842609736
502,ts-meta8-shot4-n128,ts,8,4,128,breakdance,0.5615172386169434,400,0.4326279581860137
503,ts-meta8-shot4-n128,ts,8,4,128,camel,0.642951250076294,900,0.19474332354384177
504,ts-meta8-shot4-n128,ts,8,4,128,car-roundabout,0.8797785639762878,900,6.4858902670271545
505,ts-meta8-shot4-n128,ts,8,4,128,car-shadow,0.8210436701774597,900,0.2982189288234125
506,ts-meta8-shot4-n128,ts,8,4,128,cows,0.7092390656471252,1000,-1.2988851862438562
507,ts-meta8-shot4-n128,ts,8,4,128,dance-twirl,0.5801993012428284,400,7.4783941920478965
508,ts-meta8-shot4-n128,ts,8,4,128,dog,0.7291089296340942,400,0.5478321553013086
509,ts-meta8-shot4-n128,ts,8,4,128,drift-chicane,0.6874939203262329,400,-0.022484516541288472
510,ts-meta8-shot4-n128,ts,8,4,128,drift-straight,0.667498767375946,700,-7.6349037177897054
511,ts-meta8-shot4-n128,ts,8,4,128,goat,0.621645450592041,400,-6.749433427622731
512,ts-meta8-shot4-n128,ts,8,4,128,horsejump-high,0.5583875775337219,900,-2.0137094363454446
513,ts-meta8-shot4-n128,ts,8,4,128,kite-surf,0.4154062271118164,1000,-6.15517031505672
514,ts-meta8-shot4-n128,ts,8,4,128,libby,0.4766085147857666,200,8.152847840341767
515,ts-meta8-shot4-n128,ts,8,4,128,motocross-jump,0.6674075722694397,200,-2.5304116937311525
516,ts-meta8-shot4-n128,ts,8,4,128,paragliding-launch,0.4969625473022461,600,-1.1659660391542968
517,ts-meta8-shot4-n128,ts,8,4,128,parkour,0.5547351241111755,200,11.620531657981935
518,ts-meta8-shot4-n128,ts,8,4,128,scooter-black,0.6796251535415649,400,1.010922649188916
519,ts-meta8-shot4-n128,ts,8,4,128,soapbox,0.6388520002365112,500,-0.5678993974974799
520,st-meta8-shot2-n16-xdec,st,8,2,16,blackswan,0.6188809871673584,800,-14.738068227775184
521,st-meta8-shot2-n16-xdec,st,8,2,16,bmx-trees,0.2505476474761963,200,-8.001750891860542
522,st-meta8-shot2-n16-xdec,st,8,2,16,breakdance,0.4373771548271179,900,-3.7138039627345374
523,st-meta8-shot2-n16-xdec,st,8,2,16,car-roundabout,0.7792840600013733,900,0.24644851375260454
524,st-meta8-shot2-n16-xdec,st,8,2,16,camel,0.539482057094574,900,-9.099530664297022
525,st-meta8-shot2-n16-xdec,st,8,2,16,car-shadow,0.7075268030166626,300,-10.38615923642373
526,st-meta8-shot2-n16-xdec,st,8,2,16,cows,0.6763405799865723,800,-4.401224110570304
527,st-meta8-shot2-n16-xdec,st,8,2,16,dance-twirl,0.4209142923355102,300,-10.898473440016405
528,st-meta8-shot2-n16-xdec,st,8,2,16,dog,0.6243308782577515,800,-9.964714912827354
529,st-meta8-shot2-n16-xdec,st,8,2,16,drift-chicane,0.4380528926849365,400,-4.309897423571564
530,st-meta8-shot2-n16-xdec,st,8,2,16,drift-straight,0.3783272504806518,300,48.46447627806715
531,st-meta8-shot2-n16-xdec,st,8,2,16,goat,0.5833882093429565,600,-9.151410726423562
532,st-meta8-shot2-n16-xdec,st,8,2,16,horsejump-high,0.4453363418579101,800,-16.351903764268684
533,st-meta8-shot2-n16-xdec,st,8,2,16,kite-surf,0.3548086881637573,1000,-15.520881067796857
534,st-meta8-shot2-n16-xdec,st,8,2,16,libby,0.4535422325134277,300,16.193367923309573
535,st-meta8-shot2-n16-xdec,st,8,2,16,motocross-jump,0.2401692867279052,300,11.500726527998644
536,st-meta8-shot2-n16-xdec,st,8,2,16,paragliding-launch,0.4270195960998535,700,-13.887376390847123
537,st-meta8-shot2-n16-xdec,st,8,2,16,parkour,0.2598755955696106,100,-19.276758664856438
538,st-meta8-shot2-n16-xdec,st,8,2,16,scooter-black,0.4847453832626343,600,-8.843924150389606
539,st-meta8-shot2-n16-xdec,st,8,2,16,soapbox,0.5578429698944092,100,-5.3393508271660295
540,st-meta8-shot2-n16-xfc,st,8,2,16,blackswan,0.6055164933204651,200,-16.579266432553762
541,st-meta8-shot2-n16-xfc,st,8,2,16,bmx-trees,0.0838982462882995,500,-69.19351732288636
542,st-meta8-shot2-n16-xfc,st,8,2,16,breakdance,0.416476845741272,500,-8.314893058653709
543,st-meta8-shot2-n16-xfc,st,8,2,16,camel,0.5143154859542847,800,-13.339992600219421
544,st-meta8-shot2-n16-xfc,st,8,2,16,car-roundabout,0.7263221740722656,1000,-6.566524115219395
545,st-meta8-shot2-n16-xfc,st,8,2,16,car-shadow,0.6656120419502258,800,-15.694993767972285
546,st-meta8-shot2-n16-xfc,st,8,2,16,cows,0.6305965781211853,900,-10.867005866119563
547,st-meta8-shot2-n16-xfc,st,8,2,16,dance-twirl,0.3851872682571411,200,-18.461372687663115
548,st-meta8-shot2-n16-xfc,st,8,2,16,dog,0.6267026662826538,900,-9.622677351615678
549,st-meta8-shot2-n16-xfc,st,8,2,16,drift-chicane,0.3741905689239502,500,-18.260250025975473
550,st-meta8-shot2-n16-xfc,st,8,2,16,drift-straight,0.2119476199150085,0,-16.82678858293391
551,st-meta8-shot2-n16-xfc,st,8,2,16,goat,0.3021988868713379,700,-52.93983986541871
552,st-meta8-shot2-n16-xfc,st,8,2,16,horsejump-high,0.3494035601615906,700,-34.37108118423205
553,st-meta8-shot2-n16-xfc,st,8,2,16,kite-surf,0.3331149816513061,200,-20.686101857711208
554,st-meta8-shot2-n16-xfc,st,8,2,16,libby,0.1233716607093811,200,-68.39330995776578
555,st-meta8-shot2-n16-xfc,st,8,2,16,motocross-jump,0.4799728393554687,500,122.83165774844673
556,st-meta8-shot2-n16-xfc,st,8,2,16,paragliding-launch,0.4058068990707397,700,-18.16512151469368
557,st-meta8-shot2-n16-xfc,st,8,2,16,scooter-black,0.3880162239074707,300,-27.033784005684115
558,st-meta8-shot2-n16-xfc,st,8,2,16,parkour,0.2264009714126587,100,-29.674734505958632
559,st-meta8-shot2-n16-xfc,st,8,2,16,soapbox,0.4995683431625366,100,-15.228001028830828
560,ts-meta8-shot2-n8-xtime,ts,8,2,8,blackswan,0.7031399607658386,700,-3.1298866757240686
561,ts-meta8-shot2-n8-xtime,ts,8,2,8,bmx-trees,0.1567751169204712,400,-42.4339585476352
562,ts-meta8-shot2-n8-xtime,ts,8,2,8,breakdance,0.3747689723968506,200,-17.496653982416994
563,ts-meta8-shot2-n8-xtime,ts,8,2,8,camel,0.5696860551834106,900,-4.010283364995985
564,ts-meta8-shot2-n8-xtime,ts,8,2,8,car-roundabout,0.7498562335968018,300,-3.5391224172533895
565,ts-meta8-shot2-n8-xtime,ts,8,2,8,car-shadow,0.7046900391578674,400,-10.745457716201535
566,ts-meta8-shot2-n8-xtime,ts,8,2,8,cows,0.709279477596283,300,0.25459336336881805
567,ts-meta8-shot2-n8-xtime,ts,8,2,8,dance-twirl,0.3688580989837646,100,-21.918023925712507
568,ts-meta8-shot2-n8-xtime,ts,8,2,8,dog,0.6774088740348816,900,-2.310292157083535
569,ts-meta8-shot2-n8-xtime,ts,8,2,8,drift-chicane,0.3724508881568908,200,-18.640273155214075
570,ts-meta8-shot2-n8-xtime,ts,8,2,8,drift-straight,0.1042282581329345,0,-59.098389721010356
571,ts-meta8-shot2-n8-xtime,ts,8,2,8,goat,0.5363129377365112,100,-16.482244546210016
572,ts-meta8-shot2-n8-xtime,ts,8,2,8,horsejump-high,0.3045271635055542,600,-42.800272322184775
573,ts-meta8-shot2-n8-xtime,ts,8,2,8,kite-surf,0.4045423865318298,600,-3.679403788538179
574,ts-meta8-shot2-n8-xtime,ts,8,2,8,libby,0.2678055167198181,100,-31.390678297645426
575,ts-meta8-shot2-n8-xtime,ts,8,2,8,motocross-jump,0.3535332679748535,300,64.13096265582445
576,ts-meta8-shot2-n8-xtime,ts,8,2,8,paragliding-launch,0.4899941086769104,1000,-1.1879580314848002
577,ts-meta8-shot2-n8-xtime,ts,8,2,8,parkour,0.1676864624023437,100,-47.912789796704686
578,ts-meta8-shot2-n8-xtime,ts,8,2,8,scooter-black,0.5106943249702454,300,-3.964241372194805
579,ts-meta8-shot2-n8-xtime,ts,8,2,8,soapbox,0.354129433631897,100,-39.907601443559294
580,ts-meta8-shot1-n8-xtime,ts,8,1,8,blackswan,0.6232092976570129,100,-8.670629038459825
581,ts-meta8-shot1-n8-xtime,ts,8,1,8,bmx-trees,0.1451936364173889,100,-46.12443236959652
582,ts-meta8-shot1-n8-xtime,ts,8,1,8,breakdance,0.342366099357605,200,-11.698905404323071
583,ts-meta8-shot1-n8-xtime,ts,8,1,8,camel,0.1271477937698364,0,-76.86876091128919
584,ts-meta8-shot1-n8-xtime,ts,8,1,8,car-roundabout,0.6529625058174133,200,-8.489714703144168
585,ts-meta8-shot1-n8-xtime,ts,8,1,8,car-shadow,0.6528588533401489,400,0.24076480990031343
586,ts-meta8-shot1-n8-xtime,ts,8,1,8,dance-twirl,0.1048591136932373,100,-58.721564299081905
587,ts-meta8-shot1-n8-xtime,ts,8,1,8,cows,0.6752637028694153,600,-3.9794995477841426
588,ts-meta8-shot1-n8-xtime,ts,8,1,8,dog,0.549167811870575,200,-16.288515339991843
589,ts-meta8-shot1-n8-xtime,ts,8,1,8,drift-chicane,0.0185176730155944,0,-44.808332533904846
590,ts-meta8-shot1-n8-xtime,ts,8,1,8,drift-straight,0.1036837100982666,0,-50.619946030432104
591,ts-meta8-shot1-n8-xtime,ts,8,1,8,goat,0.3147453069686889,100,-34.46609141003238
592,ts-meta8-shot1-n8-xtime,ts,8,1,8,horsejump-high,0.3024955987930298,200,-45.3991184733287
593,ts-meta8-shot1-n8-xtime,ts,8,1,8,kite-surf,0.3990863561630249,100,-4.935826026756596
594,ts-meta8-shot1-n8-xtime,ts,8,1,8,motocross-jump,0.222273051738739,0,7.358430597611763
595,ts-meta8-shot1-n8-xtime,ts,8,1,8,libby,0.1763911247253418,200,-53.138002697055086
596,ts-meta8-shot1-n8-xtime,ts,8,1,8,paragliding-launch,0.4729894399642944,1000,-1.859360680898218
597,ts-meta8-shot1-n8-xtime,ts,8,1,8,parkour,0.0929582118988037,0,-15.844899232201612
598,ts-meta8-shot1-n8-xtime,ts,8,1,8,scooter-black,0.0974133610725402,0,101.67763908855878
599,ts-meta8-shot1-n8-xtime,ts,8,1,8,soapbox,0.1304956674575805,0,122.16208208013192
